training_task,checkpoint_step,run_name,sweep,same_task_success,heldout_success,method
1,25,grpo_rps32_gb2048_gs8_steps100_si25_task_1_seed4096_spatial,steps100,0.265625,0.39,GRPO
1,50,grpo_rps32_gb2048_gs8_steps100_si25_task_1_seed4096_spatial,steps100,0.48125,0.4425,GRPO
1,75,grpo_rps32_gb2048_gs8_steps100_si25_task_1_seed4096_spatial,steps100,0.659375,0.445,GRPO
4,25,grpo_rps32_gb2048_gs8_steps100_si25_task_4_seed4096_spatial,steps100,0.48125,0.390625,GRPO
4,50,grpo_rps32_gb2048_gs8_steps100_si25_task_4_seed4096_spatial,steps100,0.584375,0.376875,GRPO
4,75,grpo_rps32_gb2048_gs8_steps100_si25_task_4_seed4096_spatial,steps100,0.703125,0.369375,GRPO
1,100,grpo_rps32_gb2048_gs8_steps200_si25_task_1_seed1_spatial,steps200,0.85,0.421875,GRPO
1,125,grpo_rps32_gb2048_gs8_steps200_si25_task_1_seed1_spatial,steps200,0.9,0.41624999999999995,GRPO
1,150,grpo_rps32_gb2048_gs8_steps200_si25_task_1_seed1_spatial,steps200,0.890625,0.448125,GRPO
1,175,grpo_rps32_gb2048_gs8_steps200_si25_task_1_seed1_spatial,steps200,0.85625,0.4325,GRPO
1,200,grpo_rps32_gb2048_gs8_steps200_si25_task_1_seed1_spatial,steps200,0.93125,0.41500000000000004,GRPO
1,25,grpo_rps32_gb2048_gs8_steps200_si25_task_1_seed1_spatial,steps200,0.315625,0.40374999999999994,GRPO
1,50,grpo_rps32_gb2048_gs8_steps200_si25_task_1_seed1_spatial,steps200,0.609375,0.39,GRPO
1,75,grpo_rps32_gb2048_gs8_steps200_si25_task_1_seed1_spatial,steps200,0.796875,0.39,GRPO
1,100,grpo_rps32_gb2048_gs8_steps200_si25_task_1_seed2_spatial,steps200,0.70625,0.390625,GRPO
1,125,grpo_rps32_gb2048_gs8_steps200_si25_task_1_seed2_spatial,steps200,0.7125,0.3775,GRPO
1,150,grpo_rps32_gb2048_gs8_steps200_si25_task_1_seed2_spatial,steps200,0.7875,0.378125,GRPO
1,175,grpo_rps32_gb2048_gs8_steps200_si25_task_1_seed2_spatial,steps200,0.796875,0.428125,GRPO
1,25,grpo_rps32_gb2048_gs8_steps200_si25_task_1_seed2_spatial,steps200,0.3625,0.37124999999999997,GRPO
1,50,grpo_rps32_gb2048_gs8_steps200_si25_task_1_seed2_spatial,steps200,0.484375,0.39937500000000004,GRPO
1,75,grpo_rps32_gb2048_gs8_steps200_si25_task_1_seed2_spatial,steps200,0.559375,0.40875000000000006,GRPO
1,100,grpo_rps32_gb2048_gs8_steps200_si25_task_1_seed3_spatial,steps200,0.75625,0.40812499999999996,GRPO
1,125,grpo_rps32_gb2048_gs8_steps200_si25_task_1_seed3_spatial,steps200,0.83125,0.42312500000000003,GRPO
1,150,grpo_rps32_gb2048_gs8_steps200_si25_task_1_seed3_spatial,steps200,0.8375,0.42437500000000006,GRPO
1,175,grpo_rps32_gb2048_gs8_steps200_si25_task_1_seed3_spatial,steps200,0.834375,0.403125,GRPO
1,200,grpo_rps32_gb2048_gs8_steps200_si25_task_1_seed3_spatial,steps200,0.79375,0.374375,GRPO
1,25,grpo_rps32_gb2048_gs8_steps200_si25_task_1_seed3_spatial,steps200,0.384375,0.4225,GRPO
1,50,grpo_rps32_gb2048_gs8_steps200_si25_task_1_seed3_spatial,steps200,0.521875,0.405625,GRPO
1,75,grpo_rps32_gb2048_gs8_steps200_si25_task_1_seed3_spatial,steps200,0.596875,0.395625,GRPO
4,100,grpo_rps32_gb2048_gs8_steps200_si25_task_4_seed1_spatial,steps200,0.715625,0.36374999999999996,GRPO
4,125,grpo_rps32_gb2048_gs8_steps200_si25_task_4_seed1_spatial,steps200,0.721875,0.32437499999999997,GRPO
4,150,grpo_rps32_gb2048_gs8_steps200_si25_task_4_seed1_spatial,steps200,0.796875,0.3175,GRPO
4,175,grpo_rps32_gb2048_gs8_steps200_si25_task_4_seed1_spatial,steps200,0.8375,0.2975,GRPO
4,200,grpo_rps32_gb2048_gs8_steps200_si25_task_4_seed1_spatial,steps200,0.8125,0.310625,GRPO
4,25,grpo_rps32_gb2048_gs8_steps200_si25_task_4_seed1_spatial,steps200,0.509375,0.374375,GRPO
4,50,grpo_rps32_gb2048_gs8_steps200_si25_task_4_seed1_spatial,steps200,0.5875,0.34562499999999996,GRPO
4,75,grpo_rps32_gb2048_gs8_steps200_si25_task_4_seed1_spatial,steps200,0.640625,0.359375,GRPO
4,100,grpo_rps32_gb2048_gs8_steps200_si25_task_4_seed2_spatial,steps200,0.740625,0.40687500000000004,GRPO
4,125,grpo_rps32_gb2048_gs8_steps200_si25_task_4_seed2_spatial,steps200,0.715625,0.41125,GRPO
4,150,grpo_rps32_gb2048_gs8_steps200_si25_task_4_seed2_spatial,steps200,0.8125,0.37625000000000003,GRPO
4,175,grpo_rps32_gb2048_gs8_steps200_si25_task_4_seed2_spatial,steps200,0.784375,0.33375,GRPO
4,200,grpo_rps32_gb2048_gs8_steps200_si25_task_4_seed2_spatial,steps200,0.81875,0.31,GRPO
4,25,grpo_rps32_gb2048_gs8_steps200_si25_task_4_seed2_spatial,steps200,0.465625,0.37625,GRPO
4,50,grpo_rps32_gb2048_gs8_steps200_si25_task_4_seed2_spatial,steps200,0.6125,0.383125,GRPO
4,75,grpo_rps32_gb2048_gs8_steps200_si25_task_4_seed2_spatial,steps200,0.690625,0.380625,GRPO
4,100,grpo_rps32_gb2048_gs8_steps200_si25_task_4_seed3_spatial,steps200,0.79375,0.36375,GRPO
4,125,grpo_rps32_gb2048_gs8_steps200_si25_task_4_seed3_spatial,steps200,0.78125,0.34812499999999996,GRPO
4,150,grpo_rps32_gb2048_gs8_steps200_si25_task_4_seed3_spatial,steps200,0.853125,0.371875,GRPO
4,175,grpo_rps32_gb2048_gs8_steps200_si25_task_4_seed3_spatial,steps200,0.8375,0.370625,GRPO
4,200,grpo_rps32_gb2048_gs8_steps200_si25_task_4_seed3_spatial,steps200,0.859375,0.375625,GRPO
4,25,grpo_rps32_gb2048_gs8_steps200_si25_task_4_seed3_spatial,steps200,0.53125,0.39875,GRPO
4,50,grpo_rps32_gb2048_gs8_steps200_si25_task_4_seed3_spatial,steps200,0.675,0.40812499999999996,GRPO
4,75,grpo_rps32_gb2048_gs8_steps200_si25_task_4_seed3_spatial,steps200,0.703125,0.3875,GRPO
1,100,opd_rlteacher_adv0_nonorm_rps32_steps200_si25_task_1_seed2_spatial,steps200,0.7625,0.44125,OPD
1,125,opd_rlteacher_adv0_nonorm_rps32_steps200_si25_task_1_seed2_spatial,steps200,0.7625,0.44749999999999995,OPD
1,150,opd_rlteacher_adv0_nonorm_rps32_steps200_si25_task_1_seed2_spatial,steps200,0.76875,0.425,OPD
1,175,opd_rlteacher_adv0_nonorm_rps32_steps200_si25_task_1_seed2_spatial,steps200,0.775,0.46375,OPD
1,200,opd_rlteacher_adv0_nonorm_rps32_steps200_si25_task_1_seed2_spatial,steps200,0.775,0.44312500000000005,OPD
1,25,opd_rlteacher_adv0_nonorm_rps32_steps200_si25_task_1_seed2_spatial,steps200,0.734375,0.440625,OPD
1,50,opd_rlteacher_adv0_nonorm_rps32_steps200_si25_task_1_seed2_spatial,steps200,0.76875,0.43500000000000005,OPD
1,75,opd_rlteacher_adv0_nonorm_rps32_steps200_si25_task_1_seed2_spatial,steps200,0.796875,0.43687499999999996,OPD
4,100,opd_rlteacher_adv0_nonorm_rps32_steps200_si25_task_4_seed2_spatial,steps200,0.74375,0.42437500000000006,OPD
4,125,opd_rlteacher_adv0_nonorm_rps32_steps200_si25_task_4_seed2_spatial,steps200,0.79375,0.421875,OPD
4,150,opd_rlteacher_adv0_nonorm_rps32_steps200_si25_task_4_seed2_spatial,steps200,0.759375,0.403125,OPD
4,175,opd_rlteacher_adv0_nonorm_rps32_steps200_si25_task_4_seed2_spatial,steps200,0.759375,0.40874999999999995,OPD
4,200,opd_rlteacher_adv0_nonorm_rps32_steps200_si25_task_4_seed2_spatial,steps200,0.771875,0.40437500000000004,OPD
4,25,opd_rlteacher_adv0_nonorm_rps32_steps200_si25_task_4_seed2_spatial,steps200,0.709375,0.416875,OPD
4,50,opd_rlteacher_adv0_nonorm_rps32_steps200_si25_task_4_seed2_spatial,steps200,0.728125,0.43624999999999997,OPD
4,75,opd_rlteacher_adv0_nonorm_rps32_steps200_si25_task_4_seed2_spatial,steps200,0.746875,0.42000000000000004,OPD
1,100,opd_rlteacher_adv1_grpo_loss_rps32_steps200_si25_task_1_seed2_spatial_norm_group_zscore,steps200,0.75625,0.43,OPD
1,125,opd_rlteacher_adv1_grpo_loss_rps32_steps200_si25_task_1_seed2_spatial_norm_group_zscore,steps200,0.753125,0.43187499999999995,OPD
1,150,opd_rlteacher_adv1_grpo_loss_rps32_steps200_si25_task_1_seed2_spatial_norm_group_zscore,steps200,0.7875,0.43500000000000005,OPD
1,175,opd_rlteacher_adv1_grpo_loss_rps32_steps200_si25_task_1_seed2_spatial_norm_group_zscore,steps200,0.809375,0.429375,OPD
1,200,opd_rlteacher_adv1_grpo_loss_rps32_steps200_si25_task_1_seed2_spatial_norm_group_zscore,steps200,0.76875,0.421875,OPD
1,25,opd_rlteacher_adv1_grpo_loss_rps32_steps200_si25_task_1_seed2_spatial_norm_group_zscore,steps200,0.6625,0.40875000000000006,OPD
1,50,opd_rlteacher_adv1_grpo_loss_rps32_steps200_si25_task_1_seed2_spatial_norm_group_zscore,steps200,0.790625,0.43624999999999997,OPD
1,75,opd_rlteacher_adv1_grpo_loss_rps32_steps200_si25_task_1_seed2_spatial_norm_group_zscore,steps200,0.796875,0.43562500000000004,OPD
4,100,opd_rlteacher_adv1_grpo_loss_rps32_steps200_si25_task_4_seed2_spatial_norm_group_zscore,steps200,0.734375,0.425,OPD
4,125,opd_rlteacher_adv1_grpo_loss_rps32_steps200_si25_task_4_seed2_spatial_norm_group_zscore,steps200,0.75625,0.42124999999999996,OPD
4,150,opd_rlteacher_adv1_grpo_loss_rps32_steps200_si25_task_4_seed2_spatial_norm_group_zscore,steps200,0.76875,0.41624999999999995,OPD
4,175,opd_rlteacher_adv1_grpo_loss_rps32_steps200_si25_task_4_seed2_spatial_norm_group_zscore,steps200,0.753125,0.42000000000000004,OPD
4,200,opd_rlteacher_adv1_grpo_loss_rps32_steps200_si25_task_4_seed2_spatial_norm_group_zscore,steps200,0.753125,0.40125,OPD
4,25,opd_rlteacher_adv1_grpo_loss_rps32_steps200_si25_task_4_seed2_spatial_norm_group_zscore,steps200,0.63125,0.426875,OPD
4,50,opd_rlteacher_adv1_grpo_loss_rps32_steps200_si25_task_4_seed2_spatial_norm_group_zscore,steps200,0.690625,0.409375,OPD
4,75,opd_rlteacher_adv1_grpo_loss_rps32_steps200_si25_task_4_seed2_spatial_norm_group_zscore,steps200,0.759375,0.433125,OPD
1,100,opd_sftteacher_adv0_nonorm_rps32_steps200_si25_task_1_seed2_spatial,steps200,0.303125,0.08062499999999999,OPD
1,125,opd_sftteacher_adv0_nonorm_rps32_steps200_si25_task_1_seed2_spatial,steps200,0.33125,0.061875,OPD
1,150,opd_sftteacher_adv0_nonorm_rps32_steps200_si25_task_1_seed2_spatial,steps200,0.4,0.03,OPD
1,175,opd_sftteacher_adv0_nonorm_rps32_steps200_si25_task_1_seed2_spatial,steps200,0.084375,0.017499999999999998,OPD
1,200,opd_sftteacher_adv0_nonorm_rps32_steps200_si25_task_1_seed2_spatial,steps200,0.509375,0.003125,OPD
1,25,opd_sftteacher_adv0_nonorm_rps32_steps200_si25_task_1_seed2_spatial,steps200,0.340625,0.339375,OPD
1,50,opd_sftteacher_adv0_nonorm_rps32_steps200_si25_task_1_seed2_spatial,steps200,0.0375,0.168125,OPD
1,75,opd_sftteacher_adv0_nonorm_rps32_steps200_si25_task_1_seed2_spatial,steps200,0.215625,0.145625,OPD
4,100,opd_sftteacher_adv0_nonorm_rps32_steps200_si25_task_4_seed2_spatial,steps200,0.471875,0.135,OPD
4,125,opd_sftteacher_adv0_nonorm_rps32_steps200_si25_task_4_seed2_spatial,steps200,0.6625,0.08125,OPD
4,150,opd_sftteacher_adv0_nonorm_rps32_steps200_si25_task_4_seed2_spatial,steps200,0.75625,0.075,OPD
4,175,opd_sftteacher_adv0_nonorm_rps32_steps200_si25_task_4_seed2_spatial,steps200,0.778125,0.09875,OPD
4,200,opd_sftteacher_adv0_nonorm_rps32_steps200_si25_task_4_seed2_spatial,steps200,0.703125,0.073125,OPD
4,25,opd_sftteacher_adv0_nonorm_rps32_steps200_si25_task_4_seed2_spatial,steps200,0.384375,0.29125,OPD
4,50,opd_sftteacher_adv0_nonorm_rps32_steps200_si25_task_4_seed2_spatial,steps200,0.48125,0.238125,OPD
4,75,opd_sftteacher_adv0_nonorm_rps32_steps200_si25_task_4_seed2_spatial,steps200,0.496875,0.15687500000000001,OPD
1,125,opd_sftteacher_adv0_nonorm_success_gate_lam0p1_thr0p0_rps32_task_1_seed2_spatial,success_gate_rps32,0.878125,0.43875000000000003,OPD
1,150,opd_sftteacher_adv0_nonorm_success_gate_lam0p1_thr0p0_rps32_task_1_seed2_spatial,success_gate_rps32,0.828125,0.41624999999999995,OPD
1,175,opd_sftteacher_adv0_nonorm_success_gate_lam0p1_thr0p0_rps32_task_1_seed2_spatial,success_gate_rps32,0.8625,0.37124999999999997,OPD
1,200,opd_sftteacher_adv0_nonorm_success_gate_lam0p1_thr0p0_rps32_task_1_seed2_spatial,success_gate_rps32,0.8875,0.36,OPD
1,25,opd_sftteacher_adv0_nonorm_success_gate_lam0p1_thr0p0_rps32_task_1_seed2_spatial,success_gate_rps32,0.46875,0.43500000000000005,OPD
1,50,opd_sftteacher_adv0_nonorm_success_gate_lam0p1_thr0p0_rps32_task_1_seed2_spatial,success_gate_rps32,0.7625,0.468125,OPD
1,75,opd_sftteacher_adv0_nonorm_success_gate_lam0p1_thr0p0_rps32_task_1_seed2_spatial,success_gate_rps32,0.853125,0.46749999999999997,OPD
1,100,opd_sftteacher_adv0_nonorm_success_gate_lam10p0_thr0p0_rps32_task_1_seed2_spatial,success_gate_rps32,0.309375,0.11875,OPD
1,125,opd_sftteacher_adv0_nonorm_success_gate_lam10p0_thr0p0_rps32_task_1_seed2_spatial,success_gate_rps32,0.5,0.036875,OPD
1,150,opd_sftteacher_adv0_nonorm_success_gate_lam10p0_thr0p0_rps32_task_1_seed2_spatial,success_gate_rps32,0.7,0.045,OPD
1,25,opd_sftteacher_adv0_nonorm_success_gate_lam10p0_thr0p0_rps32_task_1_seed2_spatial,success_gate_rps32,0.36875,0.354375,OPD
1,50,opd_sftteacher_adv0_nonorm_success_gate_lam10p0_thr0p0_rps32_task_1_seed2_spatial,success_gate_rps32,0.009375,0.23125,OPD
1,75,opd_sftteacher_adv0_nonorm_success_gate_lam10p0_thr0p0_rps32_task_1_seed2_spatial,success_gate_rps32,0.43125,0.23312499999999997,OPD
1,100,opd_sftteacher_adv0_nonorm_success_gate_lam1p0_thr0p0_rps32_task_1_seed1_spatial,success_gate_rps32,0.965625,0.354375,OPD
1,125,opd_sftteacher_adv0_nonorm_success_gate_lam1p0_thr0p0_rps32_task_1_seed1_spatial,success_gate_rps32,0.953125,0.34625,OPD
1,150,opd_sftteacher_adv0_nonorm_success_gate_lam1p0_thr0p0_rps32_task_1_seed1_spatial,success_gate_rps32,0.965625,0.32375,OPD
1,25,opd_sftteacher_adv0_nonorm_success_gate_lam1p0_thr0p0_rps32_task_1_seed1_spatial,success_gate_rps32,0.421875,0.36,OPD
1,50,opd_sftteacher_adv0_nonorm_success_gate_lam1p0_thr0p0_rps32_task_1_seed1_spatial,success_gate_rps32,0.890625,0.401875,OPD
1,75,opd_sftteacher_adv0_nonorm_success_gate_lam1p0_thr0p0_rps32_task_1_seed1_spatial,success_gate_rps32,0.946875,0.379375,OPD
1,100,opd_sftteacher_adv0_nonorm_success_gate_lam1p0_thr0p0_rps32_task_1_seed2_spatial,success_gate_rps32,0.890625,0.39812499999999995,OPD
1,125,opd_sftteacher_adv0_nonorm_success_gate_lam1p0_thr0p0_rps32_task_1_seed2_spatial,success_gate_rps32,0.89375,0.36375,OPD
1,150,opd_sftteacher_adv0_nonorm_success_gate_lam1p0_thr0p0_rps32_task_1_seed2_spatial,success_gate_rps32,0.890625,0.34750000000000003,OPD
1,175,opd_sftteacher_adv0_nonorm_success_gate_lam1p0_thr0p0_rps32_task_1_seed2_spatial,success_gate_rps32,0.946875,0.32937500000000003,OPD
1,200,opd_sftteacher_adv0_nonorm_success_gate_lam1p0_thr0p0_rps32_task_1_seed2_spatial,success_gate_rps32,0.96875,0.355,OPD
1,25,opd_sftteacher_adv0_nonorm_success_gate_lam1p0_thr0p0_rps32_task_1_seed2_spatial,success_gate_rps32,0.425,0.3625,OPD
1,50,opd_sftteacher_adv0_nonorm_success_gate_lam1p0_thr0p0_rps32_task_1_seed2_spatial,success_gate_rps32,0.775,0.365625,OPD
1,75,opd_sftteacher_adv0_nonorm_success_gate_lam1p0_thr0p0_rps32_task_1_seed2_spatial,success_gate_rps32,0.909375,0.39,OPD
1,100,opd_sftteacher_adv0_nonorm_success_gate_lam1p0_thr0p0_rps32_task_1_seed3_spatial,success_gate_rps32,0.91875,0.253125,OPD
1,125,opd_sftteacher_adv0_nonorm_success_gate_lam1p0_thr0p0_rps32_task_1_seed3_spatial,success_gate_rps32,0.809375,0.23625,OPD
1,150,opd_sftteacher_adv0_nonorm_success_gate_lam1p0_thr0p0_rps32_task_1_seed3_spatial,success_gate_rps32,0.846875,0.24250000000000002,OPD
1,25,opd_sftteacher_adv0_nonorm_success_gate_lam1p0_thr0p0_rps32_task_1_seed3_spatial,success_gate_rps32,0.390625,0.339375,OPD
1,50,opd_sftteacher_adv0_nonorm_success_gate_lam1p0_thr0p0_rps32_task_1_seed3_spatial,success_gate_rps32,0.74375,0.31437499999999996,OPD
1,75,opd_sftteacher_adv0_nonorm_success_gate_lam1p0_thr0p0_rps32_task_1_seed3_spatial,success_gate_rps32,0.846875,0.284375,OPD
1,100,opd_sftteacher_adv1_group_zscore_success_gate_lam0p1_thr0p0_rps32_task_1_seed2_spatial_norm_group_zscore,success_gate_rps32,0.80625,0.45875000000000005,OPD
1,125,opd_sftteacher_adv1_group_zscore_success_gate_lam0p1_thr0p0_rps32_task_1_seed2_spatial_norm_group_zscore,success_gate_rps32,0.76875,0.46125,OPD
1,150,opd_sftteacher_adv1_group_zscore_success_gate_lam0p1_thr0p0_rps32_task_1_seed2_spatial_norm_group_zscore,success_gate_rps32,0.771875,0.45499999999999996,OPD
1,175,opd_sftteacher_adv1_group_zscore_success_gate_lam0p1_thr0p0_rps32_task_1_seed2_spatial_norm_group_zscore,success_gate_rps32,0.83125,0.4325,OPD
1,200,opd_sftteacher_adv1_group_zscore_success_gate_lam0p1_thr0p0_rps32_task_1_seed2_spatial_norm_group_zscore,success_gate_rps32,0.90625,0.441875,OPD
1,25,opd_sftteacher_adv1_group_zscore_success_gate_lam0p1_thr0p0_rps32_task_1_seed2_spatial_norm_group_zscore,success_gate_rps32,0.35625,0.41500000000000004,OPD
1,50,opd_sftteacher_adv1_group_zscore_success_gate_lam0p1_thr0p0_rps32_task_1_seed2_spatial_norm_group_zscore,success_gate_rps32,0.546875,0.425,OPD
1,75,opd_sftteacher_adv1_group_zscore_success_gate_lam0p1_thr0p0_rps32_task_1_seed2_spatial_norm_group_zscore,success_gate_rps32,0.775,0.42374999999999996,OPD
4,100,opd_sftteacher_adv1_group_zscore_success_gate_lam0p1_thr0p0_rps32_task_4_seed2_spatial_norm_group_zscore,success_gate_rps32,0.71875,0.409375,OPD
4,125,opd_sftteacher_adv1_group_zscore_success_gate_lam0p1_thr0p0_rps32_task_4_seed2_spatial_norm_group_zscore,success_gate_rps32,0.71875,0.3875,OPD
4,150,opd_sftteacher_adv1_group_zscore_success_gate_lam0p1_thr0p0_rps32_task_4_seed2_spatial_norm_group_zscore,success_gate_rps32,0.73125,0.39375,OPD
4,175,opd_sftteacher_adv1_group_zscore_success_gate_lam0p1_thr0p0_rps32_task_4_seed2_spatial_norm_group_zscore,success_gate_rps32,0.75,0.390625,OPD
4,200,opd_sftteacher_adv1_group_zscore_success_gate_lam0p1_thr0p0_rps32_task_4_seed2_spatial_norm_group_zscore,success_gate_rps32,0.771875,0.415625,OPD
4,25,opd_sftteacher_adv1_group_zscore_success_gate_lam0p1_thr0p0_rps32_task_4_seed2_spatial_norm_group_zscore,success_gate_rps32,0.50625,0.365,OPD
4,50,opd_sftteacher_adv1_group_zscore_success_gate_lam0p1_thr0p0_rps32_task_4_seed2_spatial_norm_group_zscore,success_gate_rps32,0.575,0.366875,OPD
4,75,opd_sftteacher_adv1_group_zscore_success_gate_lam0p1_thr0p0_rps32_task_4_seed2_spatial_norm_group_zscore,success_gate_rps32,0.690625,0.380625,OPD
1,100,opd_sftteacher_adv1_group_zscore_success_gate_lam0p3_thr0p0_rps32_task_1_seed2_spatial_norm_group_zscore,success_gate_rps32,0.75625,0.3875,OPD
1,125,opd_sftteacher_adv1_group_zscore_success_gate_lam0p3_thr0p0_rps32_task_1_seed2_spatial_norm_group_zscore,success_gate_rps32,0.8375,0.365,OPD
1,150,opd_sftteacher_adv1_group_zscore_success_gate_lam0p3_thr0p0_rps32_task_1_seed2_spatial_norm_group_zscore,success_gate_rps32,0.81875,0.3725,OPD
1,200,opd_sftteacher_adv1_group_zscore_success_gate_lam0p3_thr0p0_rps32_task_1_seed2_spatial_norm_group_zscore,success_gate_rps32,0.85,0.39375,OPD
1,25,opd_sftteacher_adv1_group_zscore_success_gate_lam0p3_thr0p0_rps32_task_1_seed2_spatial_norm_group_zscore,success_gate_rps32,0.3625,0.379375,OPD
1,50,opd_sftteacher_adv1_group_zscore_success_gate_lam0p3_thr0p0_rps32_task_1_seed2_spatial_norm_group_zscore,success_gate_rps32,0.559375,0.385625,OPD
1,75,opd_sftteacher_adv1_group_zscore_success_gate_lam0p3_thr0p0_rps32_task_1_seed2_spatial_norm_group_zscore,success_gate_rps32,0.69375,0.385,OPD
4,100,opd_sftteacher_adv1_group_zscore_success_gate_lam0p3_thr0p0_rps32_task_4_seed2_spatial_norm_group_zscore,success_gate_rps32,0.73125,0.370625,OPD
4,125,opd_sftteacher_adv1_group_zscore_success_gate_lam0p3_thr0p0_rps32_task_4_seed2_spatial_norm_group_zscore,success_gate_rps32,0.73125,0.3575,OPD
4,150,opd_sftteacher_adv1_group_zscore_success_gate_lam0p3_thr0p0_rps32_task_4_seed2_spatial_norm_group_zscore,success_gate_rps32,0.771875,0.335,OPD
4,175,opd_sftteacher_adv1_group_zscore_success_gate_lam0p3_thr0p0_rps32_task_4_seed2_spatial_norm_group_zscore,success_gate_rps32,0.809375,0.361875,OPD
4,200,opd_sftteacher_adv1_group_zscore_success_gate_lam0p3_thr0p0_rps32_task_4_seed2_spatial_norm_group_zscore,success_gate_rps32,0.8375,0.35875,OPD
4,25,opd_sftteacher_adv1_group_zscore_success_gate_lam0p3_thr0p0_rps32_task_4_seed2_spatial_norm_group_zscore,success_gate_rps32,0.50625,0.388125,OPD
4,50,opd_sftteacher_adv1_group_zscore_success_gate_lam0p3_thr0p0_rps32_task_4_seed2_spatial_norm_group_zscore,success_gate_rps32,0.653125,0.37124999999999997,OPD
4,75,opd_sftteacher_adv1_group_zscore_success_gate_lam0p3_thr0p0_rps32_task_4_seed2_spatial_norm_group_zscore,success_gate_rps32,0.725,0.385625,OPD
1,100,opd_sftteacher_adv1_group_zscore_success_gate_lam1p0_thr0p0_rps32_task_1_seed1_spatial_norm_group_zscore,success_gate_rps32,0.83125,0.4425,OPD
1,125,opd_sftteacher_adv1_group_zscore_success_gate_lam1p0_thr0p0_rps32_task_1_seed1_spatial_norm_group_zscore,success_gate_rps32,0.86875,0.4575,OPD
1,150,opd_sftteacher_adv1_group_zscore_success_gate_lam1p0_thr0p0_rps32_task_1_seed1_spatial_norm_group_zscore,success_gate_rps32,0.89375,0.440625,OPD
1,175,opd_sftteacher_adv1_group_zscore_success_gate_lam1p0_thr0p0_rps32_task_1_seed1_spatial_norm_group_zscore,success_gate_rps32,0.89375,0.416875,OPD
1,200,opd_sftteacher_adv1_group_zscore_success_gate_lam1p0_thr0p0_rps32_task_1_seed1_spatial_norm_group_zscore,success_gate_rps32,0.853125,0.429375,OPD
1,25,opd_sftteacher_adv1_group_zscore_success_gate_lam1p0_thr0p0_rps32_task_1_seed1_spatial_norm_group_zscore,success_gate_rps32,0.384375,0.3825,OPD
1,50,opd_sftteacher_adv1_group_zscore_success_gate_lam1p0_thr0p0_rps32_task_1_seed1_spatial_norm_group_zscore,success_gate_rps32,0.71875,0.4425,OPD
1,75,opd_sftteacher_adv1_group_zscore_success_gate_lam1p0_thr0p0_rps32_task_1_seed1_spatial_norm_group_zscore,success_gate_rps32,0.821875,0.448125,OPD
1,100,opd_sftteacher_adv1_group_zscore_success_gate_lam1p0_thr0p0_rps32_task_1_seed2_spatial_norm_group_zscore,success_gate_rps32,0.828125,0.45625,OPD
1,125,opd_sftteacher_adv1_group_zscore_success_gate_lam1p0_thr0p0_rps32_task_1_seed2_spatial_norm_group_zscore,success_gate_rps32,0.88125,0.448125,OPD
1,150,opd_sftteacher_adv1_group_zscore_success_gate_lam1p0_thr0p0_rps32_task_1_seed2_spatial_norm_group_zscore,success_gate_rps32,0.903125,0.47062499999999996,OPD
1,175,opd_sftteacher_adv1_group_zscore_success_gate_lam1p0_thr0p0_rps32_task_1_seed2_spatial_norm_group_zscore,success_gate_rps32,0.928125,0.44625000000000004,OPD
1,200,opd_sftteacher_adv1_group_zscore_success_gate_lam1p0_thr0p0_rps32_task_1_seed2_spatial_norm_group_zscore,success_gate_rps32,0.934375,0.4625,OPD
1,25,opd_sftteacher_adv1_group_zscore_success_gate_lam1p0_thr0p0_rps32_task_1_seed2_spatial_norm_group_zscore,success_gate_rps32,0.38125,0.39812499999999995,OPD
1,50,opd_sftteacher_adv1_group_zscore_success_gate_lam1p0_thr0p0_rps32_task_1_seed2_spatial_norm_group_zscore,success_gate_rps32,0.578125,0.433125,OPD
1,75,opd_sftteacher_adv1_group_zscore_success_gate_lam1p0_thr0p0_rps32_task_1_seed2_spatial_norm_group_zscore,success_gate_rps32,0.7375,0.4425,OPD
1,100,opd_sftteacher_adv1_group_zscore_success_gate_lam1p0_thr0p0_rps32_task_1_seed3_spatial_norm_group_zscore,success_gate_rps32,0.884375,0.45499999999999996,OPD
1,125,opd_sftteacher_adv1_group_zscore_success_gate_lam1p0_thr0p0_rps32_task_1_seed3_spatial_norm_group_zscore,success_gate_rps32,0.9,0.460625,OPD
1,150,opd_sftteacher_adv1_group_zscore_success_gate_lam1p0_thr0p0_rps32_task_1_seed3_spatial_norm_group_zscore,success_gate_rps32,0.928125,0.43562500000000004,OPD
1,175,opd_sftteacher_adv1_group_zscore_success_gate_lam1p0_thr0p0_rps32_task_1_seed3_spatial_norm_group_zscore,success_gate_rps32,0.940625,0.429375,OPD
1,200,opd_sftteacher_adv1_group_zscore_success_gate_lam1p0_thr0p0_rps32_task_1_seed3_spatial_norm_group_zscore,success_gate_rps32,0.940625,0.43624999999999997,OPD
1,25,opd_sftteacher_adv1_group_zscore_success_gate_lam1p0_thr0p0_rps32_task_1_seed3_spatial_norm_group_zscore,success_gate_rps32,0.50625,0.41125,OPD
1,50,opd_sftteacher_adv1_group_zscore_success_gate_lam1p0_thr0p0_rps32_task_1_seed3_spatial_norm_group_zscore,success_gate_rps32,0.721875,0.410625,OPD
1,75,opd_sftteacher_adv1_group_zscore_success_gate_lam1p0_thr0p0_rps32_task_1_seed3_spatial_norm_group_zscore,success_gate_rps32,0.8125,0.4625,OPD
4,100,opd_sftteacher_adv1_group_zscore_success_gate_lam1p0_thr0p0_rps32_task_4_seed2_spatial_norm_group_zscore,success_gate_rps32,0.709375,0.36,OPD
4,125,opd_sftteacher_adv1_group_zscore_success_gate_lam1p0_thr0p0_rps32_task_4_seed2_spatial_norm_group_zscore,success_gate_rps32,0.734375,0.3625,OPD
4,150,opd_sftteacher_adv1_group_zscore_success_gate_lam1p0_thr0p0_rps32_task_4_seed2_spatial_norm_group_zscore,success_gate_rps32,0.74375,0.385,OPD
4,175,opd_sftteacher_adv1_group_zscore_success_gate_lam1p0_thr0p0_rps32_task_4_seed2_spatial_norm_group_zscore,success_gate_rps32,0.76875,0.35,OPD
4,200,opd_sftteacher_adv1_group_zscore_success_gate_lam1p0_thr0p0_rps32_task_4_seed2_spatial_norm_group_zscore,success_gate_rps32,0.765625,0.340625,OPD
4,25,opd_sftteacher_adv1_group_zscore_success_gate_lam1p0_thr0p0_rps32_task_4_seed2_spatial_norm_group_zscore,success_gate_rps32,0.575,0.38312500000000005,OPD
4,50,opd_sftteacher_adv1_group_zscore_success_gate_lam1p0_thr0p0_rps32_task_4_seed2_spatial_norm_group_zscore,success_gate_rps32,0.628125,0.3675,OPD
4,75,opd_sftteacher_adv1_group_zscore_success_gate_lam1p0_thr0p0_rps32_task_4_seed2_spatial_norm_group_zscore,success_gate_rps32,0.6875,0.361875,OPD
1,100,opd_sftteacher_adv1_group_zscore_success_gate_lam2p0_thr0p0_rps32_task_1_seed2_spatial_norm_group_zscore,success_gate_rps32,0.85,0.433125,OPD
1,125,opd_sftteacher_adv1_group_zscore_success_gate_lam2p0_thr0p0_rps32_task_1_seed2_spatial_norm_group_zscore,success_gate_rps32,0.878125,0.393125,OPD
1,150,opd_sftteacher_adv1_group_zscore_success_gate_lam2p0_thr0p0_rps32_task_1_seed2_spatial_norm_group_zscore,success_gate_rps32,0.91875,0.379375,OPD
1,175,opd_sftteacher_adv1_group_zscore_success_gate_lam2p0_thr0p0_rps32_task_1_seed2_spatial_norm_group_zscore,success_gate_rps32,0.946875,0.38875,OPD
1,200,opd_sftteacher_adv1_group_zscore_success_gate_lam2p0_thr0p0_rps32_task_1_seed2_spatial_norm_group_zscore,success_gate_rps32,0.890625,0.385625,OPD
1,25,opd_sftteacher_adv1_group_zscore_success_gate_lam2p0_thr0p0_rps32_task_1_seed2_spatial_norm_group_zscore,success_gate_rps32,0.31875,0.3875,OPD
1,50,opd_sftteacher_adv1_group_zscore_success_gate_lam2p0_thr0p0_rps32_task_1_seed2_spatial_norm_group_zscore,success_gate_rps32,0.6625,0.415625,OPD
1,75,opd_sftteacher_adv1_group_zscore_success_gate_lam2p0_thr0p0_rps32_task_1_seed2_spatial_norm_group_zscore,success_gate_rps32,0.80625,0.42125,OPD
1,100,opd_sftteacher_adv1_group_zscore_success_gate_lam5p0_thr0p0_rps32_task_1_seed2_spatial_norm_group_zscore,success_gate_rps32,0.759375,0.36875,OPD
1,125,opd_sftteacher_adv1_group_zscore_success_gate_lam5p0_thr0p0_rps32_task_1_seed2_spatial_norm_group_zscore,success_gate_rps32,0.8375,0.344375,OPD
1,175,opd_sftteacher_adv1_group_zscore_success_gate_lam5p0_thr0p0_rps32_task_1_seed2_spatial_norm_group_zscore,success_gate_rps32,0.85625,0.333125,OPD
1,200,opd_sftteacher_adv1_group_zscore_success_gate_lam5p0_thr0p0_rps32_task_1_seed2_spatial_norm_group_zscore,success_gate_rps32,0.7125,0.274375,OPD
1,25,opd_sftteacher_adv1_group_zscore_success_gate_lam5p0_thr0p0_rps32_task_1_seed2_spatial_norm_group_zscore,success_gate_rps32,0.359375,0.384375,OPD
1,50,opd_sftteacher_adv1_group_zscore_success_gate_lam5p0_thr0p0_rps32_task_1_seed2_spatial_norm_group_zscore,success_gate_rps32,0.565625,0.38,OPD
1,75,opd_sftteacher_adv1_group_zscore_success_gate_lam5p0_thr0p0_rps32_task_1_seed2_spatial_norm_group_zscore,success_gate_rps32,0.68125,0.34562499999999996,OPD
1,100,opd_sftteacher_adv1_grpo_loss_rps32_steps200_si25_task_1_seed2_spatial_norm_group_zscore,steps200,0.1875,0.180625,OPD
1,125,opd_sftteacher_adv1_grpo_loss_rps32_steps200_si25_task_1_seed2_spatial_norm_group_zscore,steps200,0.071875,0.140625,OPD
1,150,opd_sftteacher_adv1_grpo_loss_rps32_steps200_si25_task_1_seed2_spatial_norm_group_zscore,steps200,0.071875,0.10625,OPD
1,175,opd_sftteacher_adv1_grpo_loss_rps32_steps200_si25_task_1_seed2_spatial_norm_group_zscore,steps200,0.15,0.1325,OPD
1,200,opd_sftteacher_adv1_grpo_loss_rps32_steps200_si25_task_1_seed2_spatial_norm_group_zscore,steps200,0.13125,0.12562500000000001,OPD
1,25,opd_sftteacher_adv1_grpo_loss_rps32_steps200_si25_task_1_seed2_spatial_norm_group_zscore,steps200,0.3875,0.378125,OPD
1,50,opd_sftteacher_adv1_grpo_loss_rps32_steps200_si25_task_1_seed2_spatial_norm_group_zscore,steps200,0.621875,0.3325,OPD
1,75,opd_sftteacher_adv1_grpo_loss_rps32_steps200_si25_task_1_seed2_spatial_norm_group_zscore,steps200,0.771875,0.265,OPD
4,100,opd_sftteacher_adv1_grpo_loss_rps32_steps200_si25_task_4_seed2_spatial_norm_group_zscore,steps200,0.534375,0.3375,OPD
4,125,opd_sftteacher_adv1_grpo_loss_rps32_steps200_si25_task_4_seed2_spatial_norm_group_zscore,steps200,0.471875,0.29375,OPD
4,150,opd_sftteacher_adv1_grpo_loss_rps32_steps200_si25_task_4_seed2_spatial_norm_group_zscore,steps200,0.459375,0.268125,OPD
4,175,opd_sftteacher_adv1_grpo_loss_rps32_steps200_si25_task_4_seed2_spatial_norm_group_zscore,steps200,0.521875,0.26437499999999997,OPD
4,200,opd_sftteacher_adv1_grpo_loss_rps32_steps200_si25_task_4_seed2_spatial_norm_group_zscore,steps200,0.503125,0.234375,OPD
4,50,opd_sftteacher_adv1_grpo_loss_rps32_steps200_si25_task_4_seed2_spatial_norm_group_zscore,steps200,0.5,0.36125,OPD
4,75,opd_sftteacher_adv1_grpo_loss_rps32_steps200_si25_task_4_seed2_spatial_norm_group_zscore,steps200,0.609375,0.373125,OPD
